"F1","F2","F3","F4","F5"
-0.660193293094458,0.606762353516436,-0.545266065165355,0.29042242512668,-1.13171097790133
-0.0714176035701015,-0.229052798849083,-0.290474791510562,-0.861352729754607,1.34353282133428
-1.26417827086111,0.123926806160511,-0.252231884642254,0.33355476639494,0.160251427980491
-0.115387929431267,0.164272387118085,0.0696776533802934,0.398372228455769,-1.10383681017786
-1.06048773985203,0.745006911311842,0.668438835922403,0.868313062651512,-0.484353089699155
0.760503093772691,0.951871652348166,-0.207353014513448,0.513434970653417,-1.07055079282674
-0.211111645899784,0.316376356836274,-0.00771861787666758,-1.04174980207786,-0.929746151994575
0.126159967890009,-0.765049566360007,1.00113653886399,-0.123100482569603,0.251867306204082
-0.126762246263282,0.417275568101363,-1.35358367679253,-0.800378932288018,1.26144041941819
0.99452268483883,-1.36549731313943,-1.05816390087729,-1.1601310329692,-1.26980337355069
-1.05646996305271,-2.65426418276169,1.29989952711637,-0.400244033979086,0.964141936403143
0.485382993251064,-1.21847727818437,-1.80402661399931,0.618283084082933,-0.0752947628155103
0.777741021097717,0.626184614190888,0.964777388850939,0.0304074869594364,-1.15298720700441
0.496046185496249,0.0946483018932931,1.80465069284094,0.2232097615893,-1.29668773453143
-0.531280166427648,1.16628356298773,-0.820738328116519,1.93735959526226,2.20686960977245
-0.611464393887591,-0.160198878995646,1.17062282735654,-2.45204897797054,0.177891910229576
-1.85342440636781,-0.995964925570906,-1.60850179252171,0.660892534420846,1.2836425698757
0.35085951793601,0.754345763780094,-0.713637395021425,0.351535654150558,0.718438972699947
1.40677259820751,0.888877516906629,0.491295499241561,-0.670046034495168,-0.767093591027333
-1.65284774669265,1.18234147630342,-0.521949374400332,0.894817359592923,2.10647744000561
1.60984514730544,-0.842364015571072,0.159433912768731,-0.875912198612948,0.579578283875864
1.2283780992343,-0.280214490757997,-0.580029150546509,-0.0822355104361792,0.98215581451044
0.620974037761631,0.55866653549352,0.855516351601916,-0.603833292935899,0.996152001129728
-0.582755255126806,-1.73706009606553,-0.957565164966763,-0.254569146954241,1.1502826087236
-1.5181216479227,0.668827982522876,0.219551400015275,-0.660389923785933,3.0071776984746
-0.0132716092734639,1.14476291006737,-1.42136712110658,0.438258727688237,1.61495395043874
0.862209473598776,1.20382961384887,-0.673936965466073,-0.730333209001726,0.692510361988339
-2.02889812601141,-0.169129660150929,1.01832341147762,-0.494858004983602,-1.25456998576014
-1.66010057537297,-0.876561825159928,2.33212393666772,-0.240456333917626,-1.24587312191021
0.445215735013312,0.279744613310584,1.8730618183476,1.86051607887624,0.662841301164437
-1.90354285493563,-0.217738032451773,0.7267186266587,-1.61888968944287,0.938976066674936
-0.0688535427738224,-0.666410515209242,0.85702026413491,0.69470463978422,-0.2619521810441
0.79139225454145,-0.785045746963755,-0.269475381291357,1.61699981824072,-0.186698816089864
0.10041228409237,-1.37413136808888,0.450772447314403,-0.772524595305464,-1.22893775913305
-0.357440533117582,0.00281472221672019,1.21905842378853,-1.5223748237384,-0.231478387545582
-0.00345309193753484,-1.83273631330669,1.75373162196628,1.66217422804826,0.600783931382458
0.0497346979649554,-0.168023078723661,0.133707174976038,0.743964163402988,-0.61852958811866
0.0790410332446339,-1.2038254624107,0.531942123594223,0.112891499276399,0.179668091847158
-2.46927588230674,1.0603467938658,-3.24116269032992,-0.18830578946326,1.35833621572477
0.562035257732203,-0.831230784487016,-1.21538713830359,-0.438294210260238,0.770252784344695
0.246244049501735,1.96002234568615,-1.38724494205715,-0.110913717337944,-0.531882530297261
-0.63564323769802,-0.896604021997847,-0.770074488113117,-0.0350753388350172,-1.54605026380484
-0.0791757342617783,0.850297820412169,-1.35516108884127,0.864862751073329,0.0678610966479284
0.9329433405182,-1.39485766232707,2.12137695321724,0.49075998263863,-0.542156881182962
0.396999274092228,-0.50419518331794,0.547808685757022,0.337293735877063,0.397518246062122
0.62878727152524,-0.91513465169578,0.140563911929265,-0.412547222442161,0.00931688148484651
0.364190643000773,0.634259281180055,1.09292605646806,0.341097238276293,0.314259700101663
-1.55296957446374,1.01751080934969,-0.0781020921558151,0.022719699626626,0.0211613865053773
0.0251032042257456,-1.31789207093636,-0.0721916269296329,-0.924548851743395,0.784728450381673
1.79707236241598,-2.17761362359061,-0.385893181529897,-0.557759288706434,-2.64441056304905
-0.841863273609536,0.962923511427295,-1.04369273372039,-0.527575254269134,1.50748488624809
1.03091219155575,-1.44006003880932,2.15725892465364,0.319000502573809,-0.0485797168140213
-0.64248198969367,2.24891494056675,-1.0585736857753,-0.0155110942985347,0.387703541253625
-3.47420389048077,0.728740844403614,0.942066946254125,0.934118330074755,0.839701141703435
1.36372937635609,0.725743445081504,0.107728147157937,0.384549690111004,-3.1895447856798
-1.48303398787622,1.43820470794209,-0.821520041052571,-0.132351118251563,1.8274857510969
-0.566212104246571,0.885066774244824,0.801629361549415,0.642137277450382,0.747563743671348
-0.986968940129815,1.29396834676565,0.263593988917659,1.89084859143328,0.360310570241203
1.73134023505485,1.15599432102512,-1.63748295234619,-0.160189189005521,-0.27498930082634
0.799514430356255,-1.70746773818335,0.708137070492507,-0.29869538281751,0.60245525551866
1.59133577278144,0.210293494240387,-0.276216975365366,0.561668721947233,-1.45276937776879
2.41045481204091,1.38661589384342,0.672324178203997,-0.581271381773293,1.51625936171769
-1.71769743827727,0.0384391294415374,-1.72605545296822,0.1135414276502,-1.10351724755322
-0.0391771280497105,1.88687450956344,-2.72131711674449,0.0468475216661435,-1.60406921559741
0.286383268449591,-0.600521250992364,0.721584694356423,1.57954465918012,-0.191542017640151
0.719167339813267,1.30982644821792,-1.7791636039371,-1.89728172712094,1.68436898047313
0.726056328817075,0.197851039158661,-1.72828440448435,-1.33038849737814,-0.323554763380637
0.151909344745343,-0.269533123069785,0.387071847930727,1.74657613041658,-0.913361041972812
-1.0169031331742,-0.967555799549089,-0.303711754549796,-0.0871700087216991,0.0359763963391664
0.895042467338813,0.829023644027984,1.18748021765168,-1.26850666484891,-1.1600843933899
-0.184873294137915,0.638459225436881,-0.744828762333791,-1.12919046592671,-0.892689102966598
0.721867499964525,1.32797945967302,0.854858098619517,-0.351212195641963,0.681846715515318
-0.728466663027067,-0.510776640961296,0.563312521121344,-0.168091277927345,-0.611127616185114
-1.25986794905248,0.471717457867774,0.115120437621485,1.00498445167595,0.324580041328322
0.691599211380381,1.53470682633535,1.04173000668344,1.22910094074947,0.184347573983365
-2.48891250199463,-1.45193140756012,1.12972293659519,-0.110557682042232,0.0387262530088819
0.413996712493856,-0.133003107376711,-2.75980011855396,-0.125896603929742,-0.492455786245018
0.688861958710284,-0.322378466663687,-0.0756497184312316,1.91054368185772,-1.05777180834504
0.399232245631488,-0.0125934899107894,-1.26576227867583,1.3177307773888,0.699812084973455
0.264172190219627,-0.119023004491258,-0.644703556959464,-0.457765537514842,0.324575472249962
0.843151968854875,0.929150426075593,-0.178670254004596,-0.114614770885205,0.0614871393936037
0.670551648188059,-0.236667043277007,0.308628613272544,-0.0899305030792578,-0.582060454667712
-0.385730348746952,0.127607887943861,1.4114997137503,0.281992619687569,1.46203312654434
-1.14005420121859,-1.86588627745134,0.854206488265687,-0.749687445525569,-0.151494001698535
0.942788246277396,0.3539714772807,-1.03399552338799,0.896381715966461,-2.7180771388843
-1.69327940069714,2.00744507014065,-0.371024563266515,-0.128207018519056,0.380689204594461
0.343732938453324,-0.334202425337985,-3.12364403743385,-0.552919328338691,1.06126979477899
0.807639306005843,1.37070284739682,-0.0597511623262745,-0.584786678326838,0.652945758724108
1.35438016171633,-0.164924212724364,-0.828826214083507,-0.135561653981444,0.302130633576258
0.289581326124112,1.13129653815275,2.50841297009284,0.369245386568463,-0.172062100453092
0.470950898379584,0.804300533798516,-0.549273195037563,0.824837288490716,0.832165432494195
-0.923450599357582,-1.29058515020951,-0.889264821873255,-0.1995156330211,1.21807084692767
-1.14384827913811,-1.75368193723721,0.698196312517653,-2.12401070632384,1.54455880906662
0.174605502956412,1.16611698513092,1.77132508835498,1.07478237139244,1.63318068024582
-0.18725789553762,-2.06176676649886,-0.878553286787815,0.154986280194423,-0.3767983088512
-3.16863548630321,0.848659714164406,-1.8570951432255,-0.630816321208117,-0.104015586827009
-0.179768697415039,-1.61640387589261,-0.678845599781537,-0.185664841235989,-0.899976691915591
0.469956799720961,1.3741939710821,-1.42132966613661,0.546285397992573,-1.13129203770402
-1.42222587816764,-0.63575603449863,-0.613035258509228,0.438767946665091,1.4424016117496
-0.205392983583223,-0.0548515667380003,0.0842848887110876,0.670727151430118,0.571133727486031
0.491395071667266,-0.234621240007552,-1.18465287567566,-0.135675360406492,-0.268126045890353
-1.82503603443099,0.658181831347557,0.521415517988156,1.17972967985417,1.70034235794343
-0.0308229773994909,-0.25959447416379,0.815787375914053,0.57984369853703,1.28211911407064
0.321366414523394,-0.131799763333924,-0.532972480182635,-0.671038277465582,0.270910002749866
0.967210868144507,-1.0313137873521,1.0101157154642,1.52948727515376,-0.475460738287717
-0.649326998045185,0.682002694186907,-0.518062964119512,-0.453671137513357,0.4373506649691
0.40653927410894,0.32312247094763,-1.40513807042808,-0.0781330582448813,0.980137194783361
-0.550287667970761,1.42734058062735,0.748565634545811,0.473639945204964,0.384857006949417
-0.52687274417855,0.686746615833248,-0.110706832485199,-0.0721600471704427,0.917747377769935
0.79638162064003,-0.100748362733024,0.143406158758096,0.551586651549908,0.754331999206218
-1.21451677960785,-0.325563405025156,-1.72044490891845,-0.550985887825045,1.09107764339142
1.0437052960427,-0.711091965301096,0.568645945303329,-1.3981082650257,2.12310117761271
-0.168120911540583,-0.458015025096187,0.707285166015742,-0.513072098243217,0.193036511933423
1.53074799978736,-0.436347774257113,-1.21931287198478,0.479254253057106,-1.9904136957415
-0.533502594000827,1.3259582925651,-1.23801345969558,-1.05294662033679,0.637763752080585
-1.47227893138191,0.559236330475226,-1.18846857204037,0.565297156762228,-0.600430112229274
1.53637159516999,0.730020394059386,0.0162439840029327,1.04806341576022,-0.281069157136472
0.0818583663265467,1.36974601788041,-0.190868625779097,-1.41820954279272,0.907808064304238
-0.606474178314336,-0.799813521352084,0.668979128121812,-1.30163775353814,-0.279173734011429
1.87569290887207,-0.444815704726737,-1.10806461917954,0.362660800508002,-0.00885526460002533
0.222547846439807,0.638814401093363,1.06378107089445,-0.642296257153647,-0.523260705109405
-0.40470622638453,-0.879321467909337,-0.38019961989865,0.827973413046479,1.84453599615228
1.64261525080518,0.558191071370609,-0.333356123195802,0.130803307263532,-0.0996031706021177
-0.541034692581626,0.311260228110642,0.657179992986828,2.32632052770647,-1.89883204651244
0.37423316166548,0.759604483308635,1.73765086804925,-0.0204442830602658,-1.16906231788687
0.307752496422412,-1.16173913340437,0.54370575806499,-0.527931530285405,-1.92768455713608
-0.712152790295765,-1.62607929962249,0.89737005351956,0.694451801350195,-0.097880601463174
0.362174235098262,-0.476931069321215,-1.86303542977829,-0.880243470181016,-0.707733244534286
2.53432937191402,0.33334953023524,1.19744464834534,0.628210124741529,0.730567441212994
-0.18191753000808,-0.981573721248662,0.405543589951438,0.621188451277266,-1.52114519177636
0.679883015578489,0.0131327415111426,-0.661884517748844,-1.95996965190142,-0.645574601478121
-0.762284025674106,-1.9082137107182,1.59304492659609,-0.172481089232144,-0.762358158146908
-0.00382755051472245,-0.0356257114232682,2.06027382089186,0.429374431748296,0.290263987774465
0.469128166779393,0.949225840561737,1.95229925282492,0.0375407047581378,1.08142841677591
1.19112018721866,-1.32296805631672,-0.316132073953616,0.505959538285796,0.269839035569118
0.930019432271769,-1.12358844645921,-0.25823582270565,-0.128846861524923,-0.0627867109254022
-1.01839086830014,1.87778712085478,-0.908094109812776,0.171703667426885,-0.0888716808687958
1.32152806879034,0.659256428521948,-1.44888445590081,-2.91239245085124,-1.02444900066558
-0.978454887285051,0.756956107894356,-1.37984847507089,-0.933530518870544,-0.703482275569224
1.06827296017985,1.23310824043579,-0.952795640293962,-1.11597678265621,0.580871385433836
0.675341913298001,0.641438324747584,-0.849882331213652,2.30965074516332,2.35588226259774
-1.90910207630375,-0.101275249630085,-0.564967824957964,0.241619715868562,-1.67674378235738
-0.489464916568578,1.16031674215157,-0.910935331205458,0.684473697514077,1.95155442087528
-0.279057315161264,-0.891586935770928,-0.757740117225095,0.801649290979208,-1.10531955244071
-0.262946434634266,-0.694871796087608,1.07715680747242,0.605531847680454,-1.45513232522475
-1.55503039439427,1.21247950537953,-1.00413920913647,-0.944901319000321,0.638256159651737
-0.329541414316168,0.100743528737624,0.635676103558721,-0.481695560192653,-0.200131892312154
-0.179315254205241,0.862574015139429,0.463368103223225,-0.617443954856031,0.0142664991445638
0.563121901444721,-1.84494529116755,-1.00287700474668,-0.313377837971544,1.01741811325771
0.306925135707516,0.592320457739588,-0.0352152984298166,-1.50854428840094,0.725434473039788
-2.31892794813565,0.419200511208162,2.93330856391356,-0.408639896408045,0.771144413135229
1.40207337957943,2.83740352467912,-1.07825961424663,0.575392995324196,0.402613390797285
0.669165943233272,-1.25340835048751,0.333994675145018,1.64452287544357,1.07985026786247
0.0465334889299084,-1.46700919121341,-1.16453790038944,0.978582953220764,-1.43365892213599
0.217781760329301,-0.147965899509554,-1.47845074071271,-1.74619465138716,0.422978268586867
-1.00405281575683,-0.717552654696959,0.268985929558195,0.374309259992735,0.583414080687983
1.23447579322459,-0.259593473144226,0.157349965508356,-1.04780126607498,1.51964804186583
1.5409020336659,0.457682460327055,0.0504630750796322,-1.62579362185169,-0.786983256814662
-1.95230209888623,-0.297738676831374,0.3519030079844,0.866179567293235,-0.5297305119552
1.01804776997353,-0.494331763486714,1.36000157581814,-1.28355702989941,2.22329014409388
0.942742368301847,-0.554528565923975,0.223270009218581,-1.74031052003776,-0.512988748848651
0.869412650906815,1.81995411167565,1.16784061748291,-0.404070510928758,-0.118263708255554
0.386748569116403,-0.347946051370142,0.782519608945772,-0.7511185443531,0.960587094503881
-1.33137236149583,-0.528531760166718,1.16807873528267,-1.26337695561001,2.13980080166562
2.33641650212932,-1.88380304075319,0.27239747315562,-0.404382110897392,0.135623207022605
-1.14254459863255,1.09618121040588,1.51463131818986,0.0652232408830603,-1.71473005226719
0.840403997188775,0.793548827078075,0.912474451502779,-1.71295168000074,1.56851007839679
0.105930622835296,-0.537969146154235,0.8173083975196,1.92098551090306,-0.756525706411282
-0.265124600317217,0.169260504676206,-0.305898394620776,1.03124635137917,-0.199732989202674
0.537774721323205,-1.76685765180286,1.42079204578436,-1.32216612957759,0.46379708273009
0.425721497702544,-0.571318498223278,-1.61320368248558,0.0272530566276307,-0.000308579295428464
0.0731058114232058,-1.05001619254749,0.19058622856525,-2.01063133661132,0.0595735654942436
-2.80996461250943,0.206795174499688,0.0203212765432205,-0.672505125076885,0.133219519607595
-0.928957808423543,1.06723235844941,0.964922990806013,0.178113499247933,0.0932416442291289
-0.669732340022411,0.55203999177191,-0.714715946008978,-0.837149258039531,0.622752827282518
0.555059796959085,-0.439162675667131,-0.591256265230586,0.994563676081271,0.0428543959931077
1.28306729693722,0.0627831440492958,-0.592965398139891,-0.402182901001511,0.653498591658153
-0.239869746954841,1.74059234800289,-0.277992655382555,0.0665577821744152,-0.19876383052905
-0.238511679504917,0.834002805495114,0.301232991465798,-1.0445463844858,-1.07854608707481
-1.90025330487424,-0.320833216622835,0.352751270412918,0.19696484255528,-1.12639687713118
-0.0115642135713969,-1.78095134646349,-0.588408206664919,1.64242957398146,1.70270090403612
1.06522770330166,0.613643565232891,-0.273142984526225,-0.697787872425399,-2.89172054942931
1.08818896757185,-0.618112154773602,0.194958739979935,0.440782853468028,0.769891235923041
1.3094707180447,-1.63407526821093,-3.34878699482196,0.325889389104622,-0.106119798051202
0.810066366738139,-0.205737042805946,-0.60886583668566,-0.0580118440351683,1.00979090244453
0.211511776334809,1.36441262874959,0.0679921413712181,-1.34425814877928,-0.593562405727918
-1.47211551953301,-0.259335532399463,0.197632225878866,-0.449266665800909,0.623686116450946
-0.805936883075121,-1.61406323616651,0.0503111474661762,0.189644043872262,0.772334657159597
0.172892399459874,1.42525394796573,0.161991353406816,0.408073642761763,-0.96627566379415
-0.670222655954176,-0.900981972580738,-1.52055550593163,0.456966425894895,-0.878316855218391
0.394904690664084,0.805219346688677,-0.31071877077628,0.750417344246951,0.239330698448077
0.376737627204773,0.467673891456573,-0.0308925595705235,0.375156559671985,-1.2395837889629
0.962171223872197,1.34706517407105,-0.816573602825918,0.8029950320956,1.06237929200007
0.719824594182805,-0.353462058092047,1.28780631099022,-0.144875554876202,2.06333765340147
1.16470126809919,-0.542923718726786,-0.272917657952493,-1.91661328750832,1.10328247457644
0.869546274628801,0.500062633360478,0.776265267766086,-0.568995768857975,-0.516790723870452
1.37448211104309,-0.35180729955979,0.389184103201162,-0.0215111913068355,0.383318776518469
-0.335990832706556,-0.0118242002560229,0.497050429636,0.514556228268405,0.343963651078799
-0.152335350045803,-1.18980145147832,2.26566502236476,0.946258851955906,-0.0351468511302931
-1.81530011992714,0.987792055178421,0.661302438844715,0.49191565441744,-0.0715703274354376
2.45939203098189,-0.852176773925626,-1.21742747376781,0.295509776184405,-1.88636530824009
0.543380763760715,-0.685183107717887,-0.842421360469037,0.590046099213444,-0.688595279150666
1.15914280556858,-0.15543206276516,-1.44451797918557,0.255505153830442,0.569015805782657
1.78859284212156,0.0399467122651376,-1.01746943884339,-0.870207291938788,-2.62708258842105
1.0773930963693,-0.764601252003669,2.05572716891273,-0.946463733149684,-0.293937956428843
0.458480221915861,0.500246562886196,0.512618839208948,0.147196508725834,-0.668134714435569
-0.34717383850304,1.58257267781971,0.790878928205017,-0.0618420770087842,-0.410321107341643
-1.75879730144729,1.25980623758438,-0.374504203425806,1.00515837982936,-0.43451396378322
-0.0316517021952079,-2.27940058219965,0.71725246986234,1.49061596874859,0.0812535254174492
-0.0573950044224538,-1.2043465834481,-0.328427757033757,-2.16162941393763,-0.54774214937723
1.26087829312381,0.0563898323932129,0.0033327158326236,-0.608238861104465,-0.155906192981054
0.494933465938847,-1.23673355780172,0.771673070355897,0.790131480009524,-0.992601456259312
-1.09455859290182,0.790741589158337,-0.377051276443963,0.759301890031552,0.939588243770778
1.65369825033444,-0.408453590216675,-1.05309831074966,0.484164878545078,0.961610462682312
-0.121307424921602,0.923820390780897,1.04615251242737,0.520928052549181,0.772521105531227
1.51800788204144,0.261044790567683,0.915210697084508,0.875091061760046,0.531053979839323
-1.30545045374373,1.23888734605457,1.14951515262005,0.697368505511385,-2.07290633666016
0.430428172817498,-2.47301169350102,-0.222409899429728,0.408999847633612,1.16613300181303
0.113057373260242,-1.82883548450381,-0.642488063044016,-0.354281373917464,-0.0683384079233962
-1.7211136403637,-1.51866474410892,-0.299088157042028,-0.946024867202692,-0.764476238403046
0.461645539537006,-1.45679493009788,0.583737025796579,0.365920981392283,1.23206817872339
1.31638591673531,-1.56142098958965,-1.12458885396306,-1.24355748487796,-0.780119296875704
-1.15636648600951,0.770332597958823,-1.92391253627983,-0.472082981337628,0.663728204088356
-1.76906666746184,-0.86524588124792,-1.25585963309258,-0.0409168974557833,1.83635265092137
-0.299501049640997,-1.25778902080428,-1.41916815694262,-0.812287329053809,-1.47578110096761
0.220153706861019,0.121939606503522,1.77815108985016,0.632905130067768,1.85892195461025
-0.1064724174832,-0.526657303809553,0.822433377272491,-0.756307402934604,0.962695274859635
0.551905287951736,-1.050900216034,0.340040311425299,0.459867734817305,0.784001215289146
1.66672528810022,-0.64310058536428,0.931183041156034,0.467785849163182,0.640321989102373
-0.560997055770503,-0.497982840909953,-1.04158095424018,-0.471277175698025,-0.466937325897712
0.381721713101863,0.984972430405422,-0.90738059606489,0.448695403130703,-1.81554104564451
-1.81547386401851,1.46426590056293,1.06121862403354,-0.14904045493133,-1.47432914877852
-1.32991888285067,-0.680108126415366,0.534706216866769,-0.921962369716711,-1.76034169215789
0.163617628226947,-1.04190310661714,1.40342801678877,-1.59571427246162,1.10989505739954
0.213667797077903,0.705956123580108,-1.14003043809485,-1.359174234086,-0.618527978929074
-1.03696196196399,1.09441415369562,-2.01957252685345,0.950506719483991,-0.821964738139062
1.15823158926881,1.6757112807823,0.772833756099527,1.58488514423939,-1.14988598623304
0.38877417385286,0.723517376759639,-1.0388514737916,0.758466087009887,-0.5393971124944
-0.771140451851277,0.901594866390504,2.91180225624411,1.1720743835255,-1.61823947619475
0.0617203508952642,0.473258376594426,0.682375583495639,-0.295884587841386,-0.0299744744535146
2.1731605427403,-1.50367867363342,0.430541264071794,1.14785320651754,-1.63036716064895
-0.883340717227228,0.181587020188405,-1.32581584434295,-0.698100900057276,0.437246868782354
1.14974596266933,1.24486989492061,0.197381035365056,0.507374132883263,1.40349094689096
1.44812496315234,0.275827671827157,-0.467800195495206,0.991779653709315,1.70434683826053
0.203529364738194,-0.363746313839836,-0.356146500142951,0.428425556740103,0.537887491240838
-1.17919203139301,-1.32025295533746,0.203543750330339,0.164675714773329,-0.929876704958779
-0.610118945704237,-0.286332511761671,1.06696596771035,-1.37028716940949,0.856935829660609
-1.13018313854775,0.348289877994863,-0.0986273144670902,-1.03575672606095,0.549372669312298
-0.431657437289975,2.88453155096594,3.58863436420802,-0.277058094154703,0.0421004998765309
-0.651570155698508,0.968678253326361,0.841582832555713,0.242093424138845,0.0235555850275999
0.812886518114755,-0.00516114245954879,0.991109179175393,1.65273516250871,0.735101626392551
0.455478108086884,-0.373290552531775,0.847483684001531,-0.414417489728128,0.543371097638753
1.06517648940882,0.6897815995425,1.76934374250293,-1.09108661713333,-0.120728903170752
0.862549236829388,1.3612245014036,-0.346244392888904,-0.270538636160363,0.244931867403327
0.309112346148259,-0.372281343968605,-1.67033908835626,-0.961404915912761,0.703346909927586
0.485531534630202,-0.090294028978932,-1.04595209769216,0.577317154514212,-0.503573458266339
-1.60842880500454,-0.725323796530382,0.342933210904444,-1.60714974741912,0.457502650454113
-1.4085659465221,-0.865430730269836,-2.84930627960665,-1.09709634796841,-0.393176300196045
-1.36744944790246,1.79762634519161,0.54244390700881,0.134420424819182,0.0341832482544896
0.786780152351257,0.385215496397097,-0.545720116657417,0.112828758599937,-0.97757545728047
-0.677852192594471,-0.844446223311425,-1.85588578080858,-1.64163024612191,0.373007653445137
-0.923869561959581,-0.0167208899633746,-0.969289028911097,-1.52346706020955,0.363646847735542
-0.479089788484048,-0.979748899415353,-1.17950514887471,-0.719534006077984,-1.5992546981479
0.352179264478073,0.812223316155545,-1.49940195136765,-1.57431543824905,-1.27138901999366
-1.1645629182756,1.29968550880743,-0.213722143946368,1.04986192468345,-0.694643816430017
-0.39291906982127,-1.04561227101457,0.16428578331666,-0.380404310861128,-1.82021098974811
-1.48668412581946,-1.01378000966655,-0.912560426846692,0.509517564907742,-1.26572259715515
0.209763254848198,0.439021411383117,-0.802315491738963,1.30010625494561,-1.32885325909026
0.829068374309667,-0.382767035471631,0.449614535613292,-0.493170198506662,1.07678747049334
0.636019151709402,-0.618918037944751,-0.556923076946595,-0.279254417120634,0.540739469998345
-0.37360267680435,1.06153027464873,0.423974355416993,0.0960771986531266,0.393247668748064
-0.0257466403280172,1.58720808065345,0.924683081540897,-0.936557690330492,0.855388222859517
0.899905527732817,-0.141890265923734,-0.617999707419285,-0.990859879745182,-1.59961414325597
-1.99961924178718,-1.73735603872231,-1.29933071985186,-0.0361274115726711,-0.408596954255184
-1.07994876606054,-0.748213873270641,-1.71831897297785,-0.639249167050755,-0.387548967999125
-0.905823528793168,-1.75798798891889,-1.03985615217809,-0.400362656070114,1.96113522696551
0.303669133228448,1.01386652809766,-0.152708236265447,0.143088321824384,-0.250534912211369
0.231990640533153,1.07277836230746,1.67125551767881,0.25613681735348,1.29475930686505
-0.595407305837415,-0.178403168378241,0.112731179695831,-0.0774637038852386,2.85483090133103
-0.0703358712284101,-1.73224389107361,-1.11915423186801,0.627883982254073,-1.11339231100571
-0.95110019426867,-0.648349952791047,-1.53838909223487,-1.22471079541791,1.4222682990157
-0.270731135248604,1.15477865235302,1.47129448454932,-0.24675835616853,-1.85862352749713
2.53072657551315,-1.14828453258832,1.01737096030978,0.745242118947618,1.68960934350015
0.638295554185613,-0.403478322374917,-0.688164053818572,0.122631814460274,-0.98796367442012
1.40868347746262,1.38265289945508,-0.239970955215059,-0.813854623276337,-0.0421425141128939
0.466520007651849,0.515087884147166,0.997918957620044,-0.52551812798007,-0.070678588732915
-1.59849438278275,0.0492796011433571,0.282924960029882,-0.792298841007647,0.742067079147498
0.720138390250744,0.561927017659587,-0.20261406900823,1.09167508559787,1.18653990709774
-0.145288650387633,0.726236267416888,1.20934964923385,0.805835904539981,-0.0823405205593096
-0.426330789126035,-0.330260203004159,0.677178928511891,-0.817861742411312,1.07449084025978
2.08861103281586,-0.0336830447025661,-0.0681919402825584,-0.183738596833224,0.958987431371188
1.64715377778106,-1.00992700921964,1.07218837348315,0.589330526355316,-0.624818446129579
0.451565406385842,-1.1386248439839,-0.293405752442622,-0.103605205597732,-0.298334609863438
-0.256849633042617,-0.674851375847398,0.589286265894777,0.626107771393759,0.135458264953577
0.739796988978996,0.603745085011322,-0.87210794775211,1.17697612630852,1.03591331184707
-1.09741179091339,0.788531128462478,-0.680055093542757,-0.0428117257984491,0.829736533739858
0.635782352435683,0.518638339603793,-0.700987763744561,0.541076387873685,-2.61557779958763
0.583153203511864,0.319436139096795,-0.209599609864478,0.471570346927806,0.806556942926871
-0.132091666611961,2.03160730312345,0.947283634794281,2.02159491039818,-0.0937264845934159
-0.353615412581654,-0.399879213066011,-0.821521478052781,-0.00461822602983566,1.59408985875185
0.305073796348838,0.002286610745893,0.737097129677611,0.0465802765934447,0.856915042910959
1.76341458775811,0.142692644324894,-0.80708245181108,0.690808919750545,-1.0529618108098
1.15568201435916,-2.45879287655941,-0.160610395062553,-0.816074084554879,0.235757509946115
0.324427041458887,-0.785871911355625,0.0668727111296223,0.12335588051962,-0.541982212402078
0.252090849575181,-2.05714878696237,-0.381461986101764,1.22088123299605,1.25774657942084
-0.123427223313756,-0.456694568750856,-0.105039807654297,1.23128009412926,-2.04621538851817
-0.185675465407139,-1.90429355611708,1.05201126034444,1.46413596630804,0.577710796373202
1.16439927597834,0.0476474225754613,-0.17410917724352,1.36412170038125,-0.181564084924412
0.139762948858083,-0.313719326245446,-0.636480904566965,0.648680661366807,0.367352371905896
0.333734424380135,-0.748628490101514,0.350112555297166,-0.305841735264349,1.1974382099043
-1.5292511045812,0.504327221173023,-1.63823112134292,-0.347821574124072,-1.43229272414058
-1.54171986898304,-0.354150403249661,1.99050633372214,0.851045917668837,0.838817699700906
1.42559244056187,-0.865686805899453,-2.07912996451268,-0.761607020520201,-0.0831602140907109
-0.695578035345649,0.30860218493537,-0.878426033247226,-0.251925180993285,-0.28787527107347
-0.192313930355204,-1.22287930745513,-0.452834575251863,-1.11854143273237,0.97156383151541
-0.551442729731077,1.11939204052103,1.13568147572311,2.26238959585069,0.777097762786506
-0.313474303947167,0.748760403155831,-0.46896651155858,1.21259933684296,0.191209638338016
0.556020403944712,1.6513095142623,-0.377236726634476,0.68612625087872,-1.07007124458724
0.470780363549963,0.148231471891065,0.235551106606038,0.347801655375663,-1.99212331155667
1.73674851095345,-0.181115821101052,0.679305972713496,-0.565547997667993,-0.859803789546775
-0.282384252580503,1.83451151979151,1.69348132463923,-0.166654192963367,-0.42640313910996
1.06052669592581,-0.266418054935735,-0.983039564499399,0.319274736980271,0.313551256574541
0.999430951977292,-1.86975833310883,-0.153400602140287,-0.539656444235497,0.818501566600082
0.543893252776023,1.14415949671368,-0.649507373886511,-1.1097744840323,1.89686323313124
0.838740971310498,-1.70984051515044,0.590463330933697,-0.269235382576117,-1.45676855991091
-0.853275228623457,-0.129794933928764,-0.0532060793051708,0.180531264013394,1.78282898272503
0.110196773344648,-0.603838945114394,-0.0606150168627988,-0.669002807376218,0.916125370628093
-0.189294278793917,1.30825825931359,-0.25799708708108,-1.30031127962366,-0.649705440053614
-1.13530102820277,-1.20211798721415,0.441434930423143,0.464482622598878,-0.402862460714095
-0.306657276445748,-0.546727564676918,0.389456572561198,0.78170308266717,0.136883086719094
-1.58115223024166,-0.0499581412819675,0.970668259614749,-0.640501360409445,2.50798836455399
-0.373274323055291,-0.0188789621275659,0.788434739537704,-0.0676253074006369,0.142414766274627
1.44815156119963,1.53534334826925,-0.814449023781171,-0.310266628989367,1.09367310943368
0.933999516061399,-1.00706983219961,-2.32207933437764,0.219543365098938,0.881528331040122
-0.00191154163738841,-0.192063685176576,-0.834002543877674,1.08140243641994,-1.15412098140251
1.14047806440333,-0.968196188102544,0.627755142742468,1.11165264474868,-1.46062797897356
-0.372715832597555,0.0605895831705665,0.755580537289195,0.951481832414022,-0.360309972199706
-1.11628040257253,-1.55729304278382,-1.09773991264979,-0.386537773017668,-0.831422928786143
0.0316710708672734,0.498505410277822,-0.667422602954721,-0.256152630481887,-0.783531194239058
-0.582590044467386,0.178451521240676,-1.61725184928099,-0.0349233342103555,-1.87080970005788
1.08340478416609,0.894372240287542,0.42511157766958,1.27093729124299,-0.679609942716862
-0.721039566967522,-0.0454771033125349,0.162473571072618,-0.941936346235667,-0.797285440430778
0.470728398487761,0.703011559906885,-0.199207569636623,-0.1502235823814,1.02121682663608
-0.835511915349901,-0.09700589817038,0.197235216194244,-1.40447632448152,0.844554624281834
0.629397742571173,-1.64266015931,-2.36488395757098,0.22231836651924,-0.0381272334797891
-0.547304608216132,-0.537209967331446,-0.67544632419933,-0.105194211369737,-0.225716354895317
-1.24607302124247,-0.751941647731791,-1.00538843494647,1.53786618694757,-1.04343663328441
-1.1673197947169,-0.9108629946684,1.64906558981733,1.76418782975683,1.62444753098727
0.438280054087722,-0.584275922072061,0.0966858035647542,1.02905053752707,0.444224616314558
-0.587515981580163,-0.33484904784186,0.968504307195104,-1.32854985693629,0.699776780047177
-0.44857281940896,-0.500193610676326,-0.307224752762508,-1.3401197300566,-1.33522318183339
0.918541546541061,-1.0367922497651,-1.91395027279235,-0.585390674738336,-0.174793409739348
1.24339406359629,0.313790316028109,-0.19012246157123,0.956057709245408,0.452641338050669
-1.97000437181301,0.282698209219513,0.933074873966447,-0.0761167438923012,0.210711725049754
-0.501305840185276,0.681727357864106,-0.127439906600126,-0.59664863581279,-0.167028478138992
-0.331535728776129,0.394804552718203,-0.978909266930637,-0.768963698326473,1.07728672285212
0.507458682829374,0.712967015905442,1.34665018461352,-0.438793944303626,1.25695888915654
1.74079484705365,0.166712903656467,0.0763640288574694,0.242478711633419,1.02390017283439
-0.175688175472948,-0.794325302742034,-1.08766164222445,-1.40776756831962,1.10812721342934
-1.07400658617301,-0.228098659240111,1.32229948181499,0.758110239808432,-2.28715141677966
0.619545443178849,-1.45617032102572,0.0688243923823282,0.85958067415417,1.35559896090891
1.99252701492721,-0.375240007846222,0.554571580185837,0.272731683559554,-0.200689561447779
-0.0596703438918503,0.0967875387214974,0.68657637758502,-0.436690320439019,0.121724774828374
-0.55969519655092,-0.0650596813134845,-0.313415475702067,1.13792560889836,-1.70823548457361
-0.488109669793076,1.69871341606525,-0.214457973071628,-0.042348320935347,-1.57965027827584
-0.283297689004486,-1.43743976593828,-1.12429984312706,0.540757048926071,-3.52739624108978
-0.566398029281252,0.950203528269136,-0.785560410719192,-0.736628343912318,-0.508101731602503
0.361325524580717,-0.87105757937539,-1.42146697044602,0.520877832394723,0.223761796998165
-0.206817517152939,-0.172578410198169,-1.89750610603766,0.643758589371008,1.28101109411677
0.53308651076807,-0.0418901396777977,-0.648373718626539,0.575217528238181,0.533875755079907
1.01484069141136,0.333670985264135,-0.760351935774666,0.868779003071188,-0.129258854168845
-0.973113005822931,1.30481710959247,-0.154864605352236,-0.299138870232126,1.22458693401486
-0.577497305392013,-0.259503784446295,0.573803046104004,1.8172790357012,-1.32783167636235
-0.06277737062126,-1.02329313339662,0.179022465805148,0.270821118444553,1.11855422791836
-0.653950204370671,1.74540180091719,0.058596806832139,-0.56298848212183,-1.65915533234755
0.635404121589513,-0.658611528779335,-0.644048887659109,0.363895843841477,0.23770534848162
-0.628535977093713,-1.01223654043515,-0.278465613596461,0.134003122268359,0.12233046414043
0.530717082616759,0.47210653875071,0.993905347674094,0.186254953513792,-0.5268459798872
0.170406930212666,0.852861703287094,0.713760624343431,1.37898746435846,1.62508884839282
-0.450242026925619,0.985329744744198,-0.202464953712298,-1.1602996497521,0.732191040186537
-1.0991184048115,0.423608837844843,0.887411655761782,1.78742444012024,0.327512729076085
-0.901025254258537,0.749965558857518,-1.01327565287278,1.77151017945991,-1.65638002674809
-0.866785546948413,0.673281872281562,-1.36197425690731,-0.263076660538763,0.162294298426766
-0.998803420498877,0.627980524825297,1.68088156109841,0.527497519609238,0.693942841921436
0.562682837517506,-0.76837196952511,-2.30430387315994,0.400043711831684,0.156094521075799
1.31320047557738,0.787334231734836,-0.318168305744598,-1.09345035898273,1.93888301112457
0.00963136195667057,0.0171098681205197,0.0299736322363827,0.996904669524568,-2.134805297656
0.319957905328543,1.43875098645019,-0.231234358774987,0.0783623624727167,0.17139262059098
1.48749652687854,-0.0972644502489197,0.437359717085216,0.354611804712901,0.0280425687806821
-0.813021912294914,1.57344496612516,0.789912087758313,-0.915232875849692,-1.57015608127835
-0.490277417433987,0.0682454125172838,0.505332066223783,-1.00197849509929,-0.444148929762186
-0.169294323731429,-0.150570095229132,-1.76243063452505,0.897701385437167,-0.260261397706228
0.174851217805091,1.2075277578322,-0.0757360214834669,1.00818279388622,0.150546351829476
-0.719322291473773,0.151220481257787,-0.017842475370347,0.166630736388099,-0.875457105497748
-0.157679253795868,-0.152974308025382,-0.58030910297557,-0.60824490560497,-0.740886556046592
0.0859621188544337,1.35196361872934,-0.276222793712596,-0.304859168000155,-1.06732604280569
0.0995761816157498,-0.86380628794995,-0.154259895112754,0.963270418922066,0.570373686631924
-0.220979081416211,-0.566180029069808,-1.15289272974222,-0.799638951804018,-0.363304422696864
0.839827698917225,1.5896011732193,-0.479262038203201,1.01500691047245,0.146729470509478
-1.26545717885885,0.386257134961392,-0.901235476407916,0.467391615408056,-0.262075497817586
1.40016655980792,-1.53021596186567,0.25105209998038,0.805854675970789,0.630831602575376
1.08340982964112,0.986401985177245,0.951073215690785,-1.24050646312869,-0.298740787070259
-0.941775985036129,-1.21903263331002,0.993133679916803,0.788851104561503,0.169495645194184
0.0413445913404619,-0.0158829764999491,1.02409434322507,-2.28849798933253,0.744944137714452
-1.55108359392711,0.377089799653792,-1.76892057229613,0.610316370683672,-0.114455400764432
1.65300183134528,-0.100093723716566,0.640385444881664,-1.46118097748987,-0.96153855654104
-0.919925949705712,0.275089686698454,-0.174767138381161,0.17871376449511,-1.32592695470388
0.869566779785841,-0.386049830799939,-0.777963884251294,-1.79001534593555,-0.433262389567028
-0.51942972065926,-1.22980841678207,-0.191351826813909,-0.0736851599322484,-0.335288969663776
-1.16985589864649,0.436821348553451,0.172379080175147,0.00172107975340769,1.16206263889748
2.05370268187004,-1.69783998374865,-0.591981569938834,0.355269818085091,1.65262362703359
-1.51717216623959,0.236344181396,-1.02650484861545,0.767719164036495,0.791739906473906
0.311890366640753,-0.604519731598509,-0.280688139269427,0.868382267290992,-0.32591787965185
-0.346240141483379,0.955517133554685,-0.977288314793619,-0.391697015823391,0.733084075997568
0.62350451625715,0.639460355062174,0.355629214655987,0.178939306161289,0.86648196743293
-1.39027583147148,-0.611093581040744,0.561112947258462,0.0343616540588098,-0.124245147501704
1.54994588997581,2.40852477156094,-0.714470840440008,0.562654911315458,0.444673852709577
-0.0414822170520974,0.147551838826721,2.30269639454785,1.88608538509288,-0.16425297813088
-1.19631897040292,0.557452987278623,0.17279296978509,1.48849031198322,-0.153038664150758
-1.07635606522937,-1.39246688300215,-1.44285323617442,-0.862591085295731,2.41744573114875
0.572763986672068,0.109842944953014,-0.596895252095216,0.928785654036495,-0.0698092219252443
-0.278200304312445,-1.54316486210783,-0.0224943068730312,0.408158666895597,-1.17654976543682
-1.0171305549563,-0.158814763981874,-0.453513992241787,-0.0678630243910938,0.0290797023833616
-1.52105692090291,0.108168853040471,-0.24800493647404,-2.4508397546655,0.57409753013917
1.1091512352838,-0.926196559069536,0.557398968367114,-0.454124868431147,-2.37473461965364
-1.30081528345792,0.439732315934775,-0.26072458779227,-0.847582024502146,-0.514009474701513
-0.368725751558192,0.679719217646276,-2.01442530233247,-2.20640119439881,1.08403146270508
0.0164405756154964,0.561210819973786,1.147145532194,0.381401425497669,-0.73618655377437
-0.490902718655682,0.821066518661844,-0.404277901891059,-0.530587155420636,-0.224367629086243
-0.0000388037064574887,-0.249305147217302,0.375929198530114,1.52437499869992,0.102848345094201
1.62592825228349,-0.456623228932962,-1.82945772686429,0.793339701494667,1.40375071497066
-1.07114838054258,0.788099410883398,1.24062561556551,-0.450692854867744,-1.47465128563064
-0.408379412994725,-1.00301182637864,0.26151456395606,-1.80275779631422,-0.169102658868368
0.505132006730547,0.0267954200584329,-0.68502126162314,0.261831378342585,-0.47268739130232
0.357020760206982,-1.60741462321846,0.186635805253081,0.0814880039507088,1.75566860043922
0.13454523189808,1.8706507668348,-1.70471056143102,0.487303370711783,-0.768279646247755
0.628183274879788,0.472777027524895,0.0363859175611146,-0.300943430697805,0.946036574954388
-0.898102424142974,0.80884775286254,1.0251038792105,-0.841800415949139,-0.944799613325321
-0.223996134585455,-1.20076318930753,-0.750234203269534,-0.678914962732893,-0.367795366308222
0.348301822921557,-1.04396321462891,1.19539891979102,1.74769322785937,1.11359367626518
-1.01444492342983,-1.3400035822689,2.18262371868075,-0.0258744352411723,1.60355215807128
2.0842159741513,-0.740879078617407,-0.202820251896785,0.494487608595698,-0.704161085256456
-0.268748789465454,1.39493524357637,0.0718833142576802,-0.246364236884866,-0.504564402473745
-0.479445374216439,0.835792898519227,0.956263914518059,-0.339936742041659,0.550024321832623
-0.358466388774925,0.530268765340242,1.09403569825217,-0.73276847608208,-0.605199687055825
-0.233790749311652,-0.125485308269173,-0.370660452707752,0.663034628656278,-0.147691699775831
0.87394928469949,-0.105055919574236,-0.0505941376710185,-0.700587546077664,-0.165075192261919
0.316008732314903,-1.56895202420449,1.146592980717,-0.452126146377076,-0.609293298628021
0.0864019768094548,0.21372805683541,-1.01840940633715,1.5494186344483,0.846419250364607
0.488841478533998,-0.493217517957766,0.752659764956848,2.1462706388687,-1.70746134673851
1.1256435437797,0.827098758661569,0.0221678461762887,1.97123730520884,0.496164836666172
-0.359562689841827,-0.0492107044152886,-1.11419489419502,-0.737767675017667,0.570239082543554
-0.851657186786273,0.539160792821265,-0.409067424818095,0.927087770092404,0.646607043316423
-1.448583184616,-1.18462636978529,-1.13111949607661,-2.2389724634137,1.57683677856943
-0.141443531976098,0.606426759750478,-1.06220967852307,0.149843688893535,-2.04807301345934
0.937989703070891,0.94167151033501,-0.0869190657652795,0.34004190207057,-1.17902860451257
-1.5564517464492,-0.152501774333205,-0.601802983484221,0.688052177830095,1.12050694751475
0.0541358679934546,0.19893393984313,-0.589586580194597,0.520346468825142,-0.670412844896095
0.132625176134031,0.533051990787483,0.0855049406563642,-0.437738517069894,1.50785728545419
0.522906600284061,-0.551792636493383,-0.614946946922158,0.232975766779318,0.252886359557177
-0.706494916204125,-0.122152223139273,-1.52542317929299,-0.930232797518362,0.46219784298167
-0.000876014322820701,-2.61944973036466,0.983804857005992,-1.53969005366269,-2.17270886030945
-0.60260961941483,1.23597574954939,1.88187877185627,-0.525972134215549,-0.72971750626428
0.7101535828769,0.111711014064877,1.74755968750844,0.63358712769454,0.332773460544937
0.738410823991534,0.09832321801424,0.00922256781305408,0.0518223064865943,0.280664795024613
0.197236089209928,0.0577196127394418,1.0058878186082,-0.630631110288197,-0.941469808076293
-0.581872330583095,0.17185868879546,0.658287774511514,1.5954339810847,1.046738803272
0.0796722700576827,-0.455401192090704,-2.28630805213056,0.757010289382666,-0.414695491082253
0.277754367643068,-0.647372532792902,-0.815996814888361,0.232959051087824,-1.64700615671139
0.77666075287115,0.244956935154868,-0.190824921773052,0.160981607687425,-0.492852507513294
-0.506217735315367,0.0864135880396781,0.336651308389787,-0.606633236521971,0.734830657323642
-0.559569122887519,-0.615167354502726,-0.832300171114615,0.199633878616124,-0.0889342793276073
0.263506123605791,0.618660573568938,1.119738343361,0.333536161872565,-0.55668364324385
1.92472568726275,-0.107534878267452,-1.75355815603994,-1.89612561622829,-0.772417603041876
0.683797667326955,-1.33630567813991,-0.443433084109532,-1.06532178866577,-1.36898455481151
1.80820360760518,-0.57309075254622,-1.13611245060381,-1.89245653438604,-0.0151751522401892
-1.38241379599042,0.0602749160050058,0.216852262565773,-0.0221941258763628,0.739865482041923
1.9601960667531,-0.43774563500814,1.41260242869897,0.26262118510077,-0.261414213675397
-1.56035574028296,1.55613486554679,-1.91713300680838,-1.38493240683433,-0.803746998113188
-0.151012195847161,-0.21503279117865,-0.228422535033304,0.368348452795533,-0.480936490262712
-0.459884669151724,0.249292730963935,0.533512915877863,-0.599922181554478,1.778735564597
-0.213802544614194,-1.16948546886141,-1.14541427029581,-0.935911421513693,-1.62619774015745
-1.53210671859489,0.544560352766149,-0.431031660621279,-0.479120807302704,1.36942604831106
0.313223650907103,-0.0975497493595208,0.276603547491239,1.95979745442747,0.684816577544447
-0.448828010194094,0.26529252678826,-0.21963654302879,1.58733158359226,-0.606771042685071
0.272249361515224,-0.193351161804258,-0.509887475075181,0.387223829757181,1.3571928202488
-0.311024612485849,-0.0148337217182016,-0.54353651498679,-0.069422756428606,1.46001314805243
-1.2903420057924,0.492508194948745,-2.72402698837664,0.276009914624844,-0.418049719283038
0.43321049078808,-1.21260400478724,2.06732405187575,-1.52571893683299,-0.884887859708397
-0.59321314093296,0.653287565288678,-0.371174030223816,1.45165635476365,-0.0188308425342791
-0.502714338075997,0.431583982195135,-0.336885996415191,-0.0426951199260589,0.395984043057391
-0.135386727986861,0.065369372936488,-0.10960994540587,0.237819125381834,1.74229596455004
0.0979085795881916,-0.0395921849727078,0.368428234725367,0.662081250048874,-0.727710240448979
2.18775800679386,1.06232102413591,-1.54344577220523,-0.372205511378333,1.19427946713648
-0.931302503449425,-0.397445131675882,-0.648134711983174,0.329362134778635,-0.277852364608599
-0.0933678773407258,0.742238617417147,0.215945762185113,-1.93235470602345,0.444328025208819
-0.402387463040452,0.721455962337932,-1.36539766261924,-0.179072866963188,-0.556178221587993
-0.883872270074053,0.584930941809216,1.10101014565844,1.097540954874,0.131250599448831
-0.771719475912996,-1.41054396159207,-0.585864204249894,0.402775764696478,1.41043955415291
-0.734953545680358,0.00753440254813736,0.251626742538616,0.14460156098138,-1.23389028519086
